original_species;species;order;family;source;notes
Chalcopsitta atra;Chalcopsitta atra;PSITTACIFORMES;Psittacidae;exact_match;
Chalcopsitta duivenbodei;Chalcopsitta duivenbodei;PSITTACIFORMES;Psittacidae;exact_match;
Chalcopsitta sintillata;Chalcopsitta scintillata;PSITTACIFORMES;Psittacidae;fuzzy_match;
Chalcopsitta cardinalis;Chalcopsitta cardinalis;PSITTACIFORMES;Psittacidae;exact_match;
Eos histrio;Eos histrio;PSITTACIFORMES;Psittacidae;exact_match;
Eos squamata;Eos squamata;PSITTACIFORMES;Psittacidae;exact_match;
Eos cyanogenia;Eos cyanogenia;PSITTACIFORMES;Psittacidae;exact_match;
Eos semilarvata;Eos semilarvata;PSITTACIFORMES;Psittacidae;exact_match;
Eos rubra;Eos bornea;NA;NA;manual_avibase;
Eos reticulata;Eos reticulata;PSITTACIFORMES;Psittacidae;exact_match;
Pseudeos fuscata;Pseudeos fuscata;PSITTACIFORMES;Psittacidae;exact_match;
Trichoglossus ornatus;Trichoglossus ornatus;PSITTACIFORMES;Psittacidae;exact_match;
Trichoglossus haematodus;Trichoglossus haematodus;PSITTACIFORMES;Psittacidae;exact_match;
Trichoglossus rosenbergii;Trichoglossus rosenbergii;PSITTACIFORMES;Psittacidae;exact_match;
Trichoglossus moluccanus;Trichoglossus moluccanus;PSITTACIFORMES;Psittacidae;exact_match;
Trichoglossus forsteni;Trichoglossus forsteni;PSITTACIFORMES;Psittacidae;exact_match;
Trichoglossus capistratus;Trichoglossus capistratus;PSITTACIFORMES;Psittacidae;exact_match;
Trichoglossus weberi;Trichoglossus weberi;PSITTACIFORMES;Psittacidae;exact_match;
Trichoglossus rubritorquis;Trichoglossus rubritorquis;PSITTACIFORMES;Psittacidae;exact_match;
Trichoglossus euteles;Trichoglossus euteles;PSITTACIFORMES;Psittacidae;exact_match;
Trichoglossus flavoviridis;Trichoglossus flavoviridis;PSITTACIFORMES;Psittacidae;exact_match;
Trichoglossus johnstoniae;Trichoglossus johnstoniae;PSITTACIFORMES;Psittacidae;exact_match;
Trichoglossus rubiginosus;Trichoglossus rubiginosus;PSITTACIFORMES;Psittacidae;exact_match;
Trichoglossus chlorolepidotus;Trichoglossus chlorolepidotus;PSITTACIFORMES;Psittacidae;exact_match;
Psitteuteles versicolor;Psitteuteles versicolor;PSITTACIFORMES;Psittacidae;exact_match;
Psitteuteles iris;Psitteuteles iris;PSITTACIFORMES;Psittacidae;exact_match;
Psitteuteles goldiei;Psitteuteles goldiei;PSITTACIFORMES;Psittacidae;exact_match;
Lorius garrulus;Lorius garrulus;PSITTACIFORMES;Psittacidae;exact_match;
Lorius domicella;Lorius domicella;PSITTACIFORMES;Psittacidae;exact_match;
Lorius tibialus;Lorius domicella;NA;NA;manual_avibase;
Lorius lory;Lorius lory;PSITTACIFORMES;Psittacidae;exact_match;
Lorius hypoinochrous;Lorius hypoinochrous;PSITTACIFORMES;Psittacidae;exact_match;
Lorius amabilis;Lorius hypoinochrous;PSITTACIFORMES;Psittacidae;synonym_match;
Lorius albidinucha;Lorius albidinucha;PSITTACIFORMES;Psittacidae;exact_match;
Lorius chlorocercus;Lorius chlorocercus;PSITTACIFORMES;Psittacidae;exact_match;
Phigys solitarius;Phigys solitarius;PSITTACIFORMES;Psittacidae;exact_match;
Vini australis;Vini australis;PSITTACIFORMES;Psittacidae;exact_match;
Vini kuhlii;Vini kuhlii;PSITTACIFORMES;Psittacidae;exact_match;
Vini stepheni;Vini stepheni;PSITTACIFORMES;Psittacidae;exact_match;
Vini peruviana;Vini peruviana;PSITTACIFORMES;Psittacidae;exact_match;
Vini ultramarina;Vini ultramarina;PSITTACIFORMES;Psittacidae;exact_match;
Glossopsitta concinna;Glossopsitta concinna;PSITTACIFORMES;Psittacidae;exact_match;
Glossopsitta pusilla;Glossopsitta pusilla;PSITTACIFORMES;Psittacidae;exact_match;
Glossopsitta porphyrocephala;Glossopsitta porphyrocephala;PSITTACIFORMES;Psittacidae;exact_match;
Charmosyna palmarum;Charmosyna palmarum;PSITTACIFORMES;Psittacidae;exact_match;
Charmosyna rubrigularis;Charmosyna rubrigularis;PSITTACIFORMES;Psittacidae;exact_match;
Charmosyna meeki;Charmosyna meeki;PSITTACIFORMES;Psittacidae;exact_match;
Charmosyna toxopei;Charmosyna toxopei;PSITTACIFORMES;Psittacidae;exact_match;
Charmosyna multistriata;Charmosyna multistriata;PSITTACIFORMES;Psittacidae;exact_match;
Charmosyna wilhelminae;Charmosyna wilhelminae;PSITTACIFORMES;Psittacidae;exact_match;
Charmosyna rubronotata;Charmosyna rubronotata;PSITTACIFORMES;Psittacidae;exact_match;
Charmosyna placentis;Charmosyna placentis;PSITTACIFORMES;Psittacidae;exact_match;
Charmosyna diadema;Charmosyna diadema;PSITTACIFORMES;Psittacidae;exact_match;
Charmosyna aureicincta;Charmosyna amabilis;NA;NA;manual_avibase;
Charmosyna margarethae;Charmosyna margarethae;PSITTACIFORMES;Psittacidae;exact_match;
Charmosyna pulchella;Charmosyna pulchella;PSITTACIFORMES;Psittacidae;exact_match;
Charmosyna josefinae;Charmosyna josefinae;PSITTACIFORMES;Psittacidae;exact_match;
Charmosyna papou;Charmosyna papou;PSITTACIFORMES;Psittacidae;exact_match;
Charmosyna stellae;Charmosyna stellae;PSITTACIFORMES;Psittacidae;exact_match;
Oreopsittacus arfaki;Oreopsittacus arfaki;PSITTACIFORMES;Psittacidae;exact_match;
Neopsittacus musschenbroekii;Neopsittacus musschenbroekii;PSITTACIFORMES;Psittacidae;exact_match;
Neopsittacus pullicauda;Neopsittacus pullicauda;PSITTACIFORMES;Psittacidae;exact_match;
Psittrichas fulgidus;Psittrichas fulgidus;PSITTACIFORMES;Psittacidae;exact_match;
Nestor meridionalis;Nestor meridionalis;PSITTACIFORMES;Strigopidae;exact_match;
Nestor notabilis;Nestor notabilis;PSITTACIFORMES;Strigopidae;exact_match;
Nestor productus;Nestor productus;PSITTACIFORMES;Strigopidae;exact_match;
Strigops habroptilus;Strigops habroptila;PSITTACIFORMES;Strigopidae;synonym_match;
Micropsitta bruijnii;Micropsitta bruijnii;PSITTACIFORMES;Psittacidae;exact_match;
Micropsitta finschii;Micropsitta finschii;PSITTACIFORMES;Psittacidae;exact_match;
Micropsitta geelvinkiana;Micropsitta geelvinkiana;PSITTACIFORMES;Psittacidae;exact_match;
Micropsitta keiensis;Micropsitta keiensis;PSITTACIFORMES;Psittacidae;exact_match;
Micropsitta meeki;Micropsitta meeki;PSITTACIFORMES;Psittacidae;exact_match;
Micropsitta pusio;Micropsitta pusio;PSITTACIFORMES;Psittacidae;exact_match;
Cyclopsitta diophthalma;Cyclopsitta diophthalma;PSITTACIFORMES;Psittacidae;exact_match;
Cyclopsitta gulielmitertii;Cyclopsitta gulielmitertii;PSITTACIFORMES;Psittacidae;exact_match;
Psittaculirostris desmarestii;Psittaculirostris desmarestii;PSITTACIFORMES;Psittacidae;exact_match;
Psittaculirostris edwardsii;Psittaculirostris edwardsii;PSITTACIFORMES;Psittacidae;exact_match;
Psittaculirostris salvadorii;Psittaculirostris salvadorii;PSITTACIFORMES;Psittacidae;exact_match;
Bolbopsittacus lunulatus;Bolbopsittacus lunulatus;PSITTACIFORMES;Psittacidae;exact_match;
Prosopeia personata;Prosopeia personata;PSITTACIFORMES;Psittacidae;exact_match;
Prosopeia tabuensis;Prosopeia tabuensis;PSITTACIFORMES;Psittacidae;exact_match;
Eunymphicus cornutus;Eunymphicus cornutus;PSITTACIFORMES;Psittacidae;exact_match;
Eunymphicus uvaeensis;Eunymphicus uvaeensis;PSITTACIFORMES;Psittacidae;exact_match;
Cyanoramphus auriceps;Cyanoramphus auriceps;PSITTACIFORMES;Psittacidae;exact_match;
Cyanoramphus malherbi;Cyanoramphus malherbi;PSITTACIFORMES;Psittacidae;exact_match;
Cyanoramphus novaezelandiae;Cyanoramphus novaezelandiae;PSITTACIFORMES;Psittacidae;exact_match;
Cyanoramphus ulietanus;Cyanoramphus ulietanus;PSITTACIFORMES;Psittacidae;exact_match;
Cyanoramphus unicolor;Cyanoramphus unicolor;PSITTACIFORMES;Psittacidae;exact_match;
Cyanoramphus zealandicus;Cyanoramphus zealandicus;PSITTACIFORMES;Psittacidae;exact_match;
Purpureicephalus spurius;Purpureicephalus spurius;PSITTACIFORMES;Psittacidae;exact_match;
Barnardius barnardi;Barnardius zonarius;NA;NA;manual_avibase;
Barnardius zonarius;Barnardius zonarius;PSITTACIFORMES;Psittacidae;exact_match;
Platycercus adelaidae;Platycercus elegans;NA;NA;manual_avibase;
Platycercus adscitus;Platycercus adscitus;PSITTACIFORMES;Psittacidae;exact_match;
Platycercus caledonicus;Platycercus caledonicus;PSITTACIFORMES;Psittacidae;exact_match;
Platycercus elegans;Platycercus elegans;PSITTACIFORMES;Psittacidae;exact_match;
Platycercus eximius;Platycercus eximius;PSITTACIFORMES;Psittacidae;exact_match;
Platycercus icterotis;Platycercus icterotis;PSITTACIFORMES;Psittacidae;exact_match;
Platycercus venustus;Platycercus venustus;PSITTACIFORMES;Psittacidae;exact_match;
Psephotus chrysopterygius;Psephotellus chrysopterygius;PSITTACIFORMES;Psittacidae;synonym_match;
Psephotus haematogaster;Northiella haematogaster;NA;NA;manual_avibase;
Psephotus haematonotus;Psephotus haematonotus;PSITTACIFORMES;Psittacidae;exact_match;
Psephotus pulcherrimus;Psephotellus pulcherrimus;PSITTACIFORMES;Psittacidae;synonym_match;
Psephotus varius;Psephotellus varius;PSITTACIFORMES;Psittacidae;synonym_match;
Neophema bourkii;Neopsephotus bourkii;NA;NA;manual_avibase;
Neophema chrysogaster;Neophema chrysogaster;PSITTACIFORMES;Psittacidae;exact_match;
Neophema chrysostoma;Neophema chrysostoma;PSITTACIFORMES;Psittacidae;exact_match;
Neophema elegans;Neophema elegans;PSITTACIFORMES;Psittacidae;exact_match;
Neophema petrophila;Neophema petrophila;PSITTACIFORMES;Psittacidae;exact_match;
Neophema pulchella;Neophema pulchella;PSITTACIFORMES;Psittacidae;exact_match;
Neophema splendida;Neophema splendida;PSITTACIFORMES;Psittacidae;exact_match;
Lathamus discolor;Lathamus discolor;PSITTACIFORMES;Psittacidae;exact_match;
Melopsittacus undulatus;Melopsittacus undulatus;PSITTACIFORMES;Psittacidae;exact_match;
Pezoporus wallicus;Pezoporus wallicus;PSITTACIFORMES;Psittacidae;exact_match;
Geopsittacus occidentalis;Pezoporus occidentalis;NA;NA;manual_iucn;
Northiella haematogaster;Northiella haematogaster;PSITTACIFORMES;Psittacidae;exact_match;
Psittinus cyanurus;Psittinus cyanurus;PSITTACIFORMES;Psittacidae;exact_match;
Psittacella brehmii;Psittacella brehmii;PSITTACIFORMES;Psittacidae;exact_match;
Psittacella madaraszi;Psittacella madaraszi;PSITTACIFORMES;Psittacidae;exact_match;
Psittacella modesta;Psittacella modesta;PSITTACIFORMES;Psittacidae;exact_match;
Psittacella picta;Psittacella picta;PSITTACIFORMES;Psittacidae;exact_match;
Geoffroyus geoffroyi;Geoffroyus geoffroyi;PSITTACIFORMES;Psittacidae;exact_match;
Geoffroyus heteroclitus;Geoffroyus heteroclitus;PSITTACIFORMES;Psittacidae;exact_match;
Geoffroyus simplex;Geoffroyus simplex;PSITTACIFORMES;Psittacidae;exact_match;
Prioniturus discurus;Prioniturus discurus;PSITTACIFORMES;Psittacidae;exact_match;
Prioniturus flavicans;Prioniturus flavicans;PSITTACIFORMES;Psittacidae;exact_match;
Prioniturus luconensis;Prioniturus luconensis;PSITTACIFORMES;Psittacidae;exact_match;
Prioniturus mada;Prioniturus mada;PSITTACIFORMES;Psittacidae;exact_match;
Prioniturus montanus;Prioniturus montanus;PSITTACIFORMES;Psittacidae;exact_match;
Prioniturus platurus;Prioniturus platurus;PSITTACIFORMES;Psittacidae;exact_match;
Tanygnathus gramineus;Tanygnathus gramineus;PSITTACIFORMES;Psittacidae;exact_match;
Tanygnathus heterurus;Tanygnathus sumatranus;NA;NA;manual_avibase;
Tanygnathus lucionensis;Tanygnathus lucionensis;PSITTACIFORMES;Psittacidae;exact_match;
Tanygnathus megalorhynchos;Tanygnathus megalorynchos;PSITTACIFORMES;Psittacidae;fuzzy_match;
Tanygnathus sumatranus;Tanygnathus sumatranus;PSITTACIFORMES;Psittacidae;exact_match;
Eclectus roratus;Eclectus roratus;PSITTACIFORMES;Psittacidae;exact_match;
Alisterus amboinensis;Alisterus amboinensis;PSITTACIFORMES;Psittacidae;exact_match;
Alisterus chloropterus;Alisterus chloropterus;PSITTACIFORMES;Psittacidae;exact_match;
Alisterus scapularis;Alisterus scapularis;PSITTACIFORMES;Psittacidae;exact_match;
Aprosmictus erythropterus;Aprosmictus erythropterus;PSITTACIFORMES;Psittacidae;exact_match;
Aprosmictus jonquillaceus;Aprosmictus jonquillaceus;PSITTACIFORMES;Psittacidae;exact_match;
Polytelis alexandrae;Polytelis alexandrae;PSITTACIFORMES;Psittacidae;exact_match;
Polytelis anthopeplus;Polytelis anthopeplus;PSITTACIFORMES;Psittacidae;exact_match;
Polytelis swainsonii;Polytelis swainsonii;PSITTACIFORMES;Psittacidae;exact_match;
Psittacula alexandri;Psittacula alexandri;PSITTACIFORMES;Psittacidae;exact_match;
Psittacula calthorpae;Psittacula calthrapae;PSITTACIFORMES;Psittacidae;synonym_match;
Psittacula caniceps;Psittacula caniceps;PSITTACIFORMES;Psittacidae;exact_match;
Psittacula columboides;Psittacula columboides;PSITTACIFORMES;Psittacidae;exact_match;
Psittacula cyanocephala;Psittacula cyanocephala;PSITTACIFORMES;Psittacidae;exact_match;
Psittacula derbiana;Psittacula derbiana;PSITTACIFORMES;Psittacidae;exact_match;
Psittacula echo;Psittacula eques;NA;NA;manual_iucn;
Psittacula eques;Psittacula eques;PSITTACIFORMES;Psittacidae;exact_match;
Psittacula eupatria;Psittacula eupatria;PSITTACIFORMES;Psittacidae;exact_match;
Psittacula exsul;Psittacula exsul;PSITTACIFORMES;Psittacidae;exact_match;
Psittacula himalayana;Psittacula himalayana;PSITTACIFORMES;Psittacidae;exact_match;
Psittacula intermedia;NA;NA;NA;NA;hybrid
Psittacula krameri;Psittacula krameri;PSITTACIFORMES;Psittacidae;exact_match;
Psittacula longicauda;Psittacula longicauda;PSITTACIFORMES;Psittacidae;exact_match;
Psittacula roseata;Psittacula roseata;PSITTACIFORMES;Psittacidae;exact_match;
Psittacula wardi;Psittacula wardi;PSITTACIFORMES;Psittacidae;exact_match;
Psittacula finschii;Psittacula finschii;PSITTACIFORMES;Psittacidae;exact_match;
Loriculus amabilis;Loriculus amabilis;PSITTACIFORMES;Psittacidae;exact_match;
Loriculus aurantiifrons;Loriculus aurantiifrons;PSITTACIFORMES;Psittacidae;exact_match;
Loriculus beryllinus;Loriculus beryllinus;PSITTACIFORMES;Psittacidae;exact_match;
Loriculus flosculus;Loriculus flosculus;PSITTACIFORMES;Psittacidae;exact_match;
Loriculus exilis;Loriculus exilis;PSITTACIFORMES;Psittacidae;exact_match;
Loriculus galgulus;Loriculus galgulus;PSITTACIFORMES;Psittacidae;exact_match;
Loriculus philippensis;Loriculus philippensis;PSITTACIFORMES;Psittacidae;exact_match;
Loriculus pusillus;Loriculus pusillus;PSITTACIFORMES;Psittacidae;exact_match;
Loriculus stigmatus;Loriculus stigmatus;PSITTACIFORMES;Psittacidae;exact_match;
Loriculus vernalis;Loriculus vernalis;PSITTACIFORMES;Psittacidae;exact_match;
Agapornis cana;Agapornis canus;PSITTACIFORMES;Psittacidae;fuzzy_match;
Agapornis fischeri;Agapornis fischeri;PSITTACIFORMES;Psittacidae;exact_match;
Agapornis lilianae;Agapornis lilianae;PSITTACIFORMES;Psittacidae;exact_match;
Agapornis nigrigenis;Agapornis nigrigenis;PSITTACIFORMES;Psittacidae;exact_match;
Agapornis personata;Agapornis personatus;PSITTACIFORMES;Psittacidae;fuzzy_match;
Agapornis pullaria;Agapornis pullarius;PSITTACIFORMES;Psittacidae;fuzzy_match;
Agapornis roseicollis;Agapornis roseicollis;PSITTACIFORMES;Psittacidae;exact_match;
Agapornis swinderniana;Agapornis swindernianus;PSITTACIFORMES;Psittacidae;fuzzy_match;
Agapornis taranta;Agapornis taranta;PSITTACIFORMES;Psittacidae;exact_match;
Coracopsis nigra;Coracopsis nigra;PSITTACIFORMES;Psittacidae;exact_match;
Coracopsis vasa;Coracopsis vasa;PSITTACIFORMES;Psittacidae;exact_match;
Psittacus erithacus;Psittacus erithacus;PSITTACIFORMES;Psittacidae;exact_match;
Psittacus timneh;Psittacus timneh;PSITTACIFORMES;Psittacidae;exact_match;
Poicephalus crassus;Poicephalus crassus;PSITTACIFORMES;Psittacidae;exact_match;
Poicephalus cryptoxanthus;Poicephalus cryptoxanthus;PSITTACIFORMES;Psittacidae;exact_match;
Poicephalus flavifrons;Poicephalus flavifrons;PSITTACIFORMES;Psittacidae;exact_match;
Poicephalus gulielmi;Poicephalus gulielmi;PSITTACIFORMES;Psittacidae;exact_match;
Poicephalus meyeri;Poicephalus meyeri;PSITTACIFORMES;Psittacidae;exact_match;
Poicephalus robustus;Poicephalus robustus;PSITTACIFORMES;Psittacidae;exact_match;
Poicephalus rueppellii;Poicephalus rueppellii;PSITTACIFORMES;Psittacidae;exact_match;
Poicephalus rufiventris;Poicephalus rufiventris;PSITTACIFORMES;Psittacidae;exact_match;
Poicephalus senegalus;Poicephalus senegalus;PSITTACIFORMES;Psittacidae;exact_match;
Anodorhynchus glaucus;Anodorhynchus glaucus;PSITTACIFORMES;Psittacidae;exact_match;
Anodorhynchus hyacinthinus;Anodorhynchus hyacinthinus;PSITTACIFORMES;Psittacidae;exact_match;
Anodorhynchus leari;Anodorhynchus leari;PSITTACIFORMES;Psittacidae;exact_match;
Cyanopsitta spixii;Cyanopsitta spixii;PSITTACIFORMES;Psittacidae;exact_match;
Ara ambiguus;Ara ambiguus;PSITTACIFORMES;Psittacidae;exact_match;
Ara ararauna;Ara ararauna;PSITTACIFORMES;Psittacidae;exact_match;
Ara auricollis;Primolius auricollis;PSITTACIFORMES;Psittacidae;synonym_match;
Ara autocthones;NA;NA;NA;NA;extinct
Ara chloropterus;Ara chloropterus;PSITTACIFORMES;Psittacidae;exact_match;
Ara couloni;Primolius couloni;NA;NA;manual_iucn;
Ara glaucogularis;Ara glaucogularis;PSITTACIFORMES;Psittacidae;exact_match;
Ara macao;Ara macao;PSITTACIFORMES;Psittacidae;exact_match;
Ara maracana;Primolius maracana;PSITTACIFORMES;Psittacidae;synonym_match;
Ara militaris;Ara militaris;PSITTACIFORMES;Psittacidae;exact_match;
Ara nobilis;Diopsittaca nobilis;NA;NA;manual_avibase;
Ara rubrogenys;Ara rubrogenys;PSITTACIFORMES;Psittacidae;exact_match;
Ara severa;Ara severus;PSITTACIFORMES;Psittacidae;synonym_match;
Ara tricolor;Ara tricolor;PSITTACIFORMES;Psittacidae;exact_match;
Ara severus;Ara severus;PSITTACIFORMES;Psittacidae;exact_match;
Rhynchopsitta pachyrhyncha;Rhynchopsitta pachyrhyncha;PSITTACIFORMES;Psittacidae;exact_match;
Rhynchopsitta terrisi;Rhynchopsitta terrisi;PSITTACIFORMES;Psittacidae;exact_match;
Ognorhynchus icterotis;Ognorhynchus icterotis;PSITTACIFORMES;Psittacidae;exact_match;
Conuropsis carolinensis;Conuropsis carolinensis;PSITTACIFORMES;Psittacidae;exact_match;
Aratinga acuticaudata;Psittacara acuticaudatus;PSITTACIFORMES;Psittacidae;synonym_match;
Aratinga aurea;Eupsittula aurea;PSITTACIFORMES;Psittacidae;synonym_match;
Aratinga auricapillus;Aratinga auricapillus;PSITTACIFORMES;Psittacidae;exact_match;
Aratinga canicularis;Eupsittula canicularis;PSITTACIFORMES;Psittacidae;synonym_match;
Aratinga erythrogenys;Psittacara erythrogenys;PSITTACIFORMES;Psittacidae;synonym_match;
Aratinga guarouba;Guaruba guarouba;NA;NA;manual_iucn;
Aratinga holochlora;Psittacara holochlorus;NA;NA;manual_avibase;
Aratinga jandaya;Aratinga jandaya;PSITTACIFORMES;Psittacidae;exact_match;
Aratinga mitrata;Psittacara mitratus;PSITTACIFORMES;Psittacidae;synonym_match;
Aratinga nana;Eupsittula nana;PSITTACIFORMES;Psittacidae;manual_avibase;
Aratinga pertinax;Eupsittula pertinax;PSITTACIFORMES;Psittacidae;synonym_match;
Aratinga solstitialis;Aratinga solstitialis;PSITTACIFORMES;Psittacidae;exact_match;
Aratinga wagleri;Psittacara wagleri;NA;NA;manual_avibase;
Aratinga weddellii;Aratinga weddellii;PSITTACIFORMES;Psittacidae;exact_match;
Aratinga nenday;Aratinga nenday;PSITTACIFORMES;Psittacidae;exact_match;
Nandayus nenday;Aratinga nenday;PSITTACIFORMES;Psittacidae;synonym_match;
Leptosittaca branickii;Leptosittaca branickii;PSITTACIFORMES;Psittacidae;exact_match;
Cyanoliseus patagonus;Cyanoliseus patagonus;PSITTACIFORMES;Psittacidae;exact_match;
Pyrrhura albipectus;Pyrrhura albipectus;PSITTACIFORMES;Psittacidae;exact_match;
Pyrrhura calliptera;Pyrrhura calliptera;PSITTACIFORMES;Psittacidae;exact_match;
Pyrrhura cruentata;Pyrrhura cruentata;PSITTACIFORMES;Psittacidae;exact_match;
Pyrrhura devillei;Pyrrhura devillei;PSITTACIFORMES;Psittacidae;exact_match;
Pyrrhura egregia;Pyrrhura egregia;PSITTACIFORMES;Psittacidae;exact_match;
Pyrrhura frontalis;Pyrrhura frontalis;PSITTACIFORMES;Psittacidae;exact_match;
Pyrrhura hoematotis;Pyrrhura hoematotis;PSITTACIFORMES;Psittacidae;exact_match;
Pyrrhura hoffmanni;Pyrrhura hoffmanni;PSITTACIFORMES;Psittacidae;exact_match;
Pyrrhura hypoxantha;Pyrrhura molinae;NA;NA;manual_avibase;
Pyrrhura leucotis;Pyrrhura leucotis;PSITTACIFORMES;Psittacidae;exact_match;
Pyrrhura melanura;Pyrrhura melanura;PSITTACIFORMES;Psittacidae;exact_match;
Pyrrhura molinae;Pyrrhura molinae;PSITTACIFORMES;Psittacidae;exact_match;
Pyrrhura orcesi;Pyrrhura orcesi;PSITTACIFORMES;Psittacidae;exact_match;
Pyrrhura perlata;Pyrrhura perlata;PSITTACIFORMES;Psittacidae;exact_match;
Pyrrhura picta;Pyrrhura picta;PSITTACIFORMES;Psittacidae;exact_match;
Pyrrhura rhodocephala;Pyrrhura rhodocephala;PSITTACIFORMES;Psittacidae;exact_match;
Pyrrhura rhodogaster;Pyrrhura perlata;NA;NA;manual_iucn;
Pyrrhura rupicola;Pyrrhura rupicola;PSITTACIFORMES;Psittacidae;exact_match;
Pyrrhura viridicata;Pyrrhura viridicata;PSITTACIFORMES;Psittacidae;exact_match;
Pyrrhura emma;Pyrrhura emma;PSITTACIFORMES;Psittacidae;exact_match;
Pyrrhura griseipectus;Pyrrhura griseipectus;PSITTACIFORMES;Psittacidae;exact_match;
Pyrrhura pacifica;Pyrrhura pacifica;PSITTACIFORMES;Psittacidae;exact_match;
Pyrrhura amazonum;Pyrrhura amazonum;PSITTACIFORMES;Psittacidae;exact_match;
Pyrrhura lepida;Pyrrhura lepida;PSITTACIFORMES;Psittacidae;exact_match;
Enicognathus ferrugineus;Enicognathus ferrugineus;PSITTACIFORMES;Psittacidae;exact_match;
Enicognathus leptorhynchus;Enicognathus leptorhynchus;PSITTACIFORMES;Psittacidae;exact_match;
Myiopsitta monachus;Myiopsitta monachus;PSITTACIFORMES;Psittacidae;exact_match;
Bolborhynchus aurifrons;Psilopsiagon aurifrons;PSITTACIFORMES;Psittacidae;synonym_match;
Bolborhynchus ferrugineifrons;Bolborhynchus ferrugineifrons;PSITTACIFORMES;Psittacidae;exact_match;
Bolborhynchus lineola;Bolborhynchus lineola;PSITTACIFORMES;Psittacidae;exact_match;
Bolborhynchus orbygnesius;Bolborhynchus orbygnesius;PSITTACIFORMES;Psittacidae;exact_match;
Forpus coelestis;Forpus coelestis;PSITTACIFORMES;Psittacidae;exact_match;
Forpus conspicillatus;Forpus conspicillatus;PSITTACIFORMES;Psittacidae;exact_match;
Forpus cyanopygius;Forpus cyanopygius;PSITTACIFORMES;Psittacidae;exact_match;
Forpus passerinus;Forpus passerinus;PSITTACIFORMES;Psittacidae;exact_match;
Forpus sclateri;Forpus modestus;PSITTACIFORMES;Psittacidae;synonym_match;
Forpus xanthops;Forpus xanthops;PSITTACIFORMES;Psittacidae;exact_match;
Forpus xanthopterygius;Forpus xanthopterygius;PSITTACIFORMES;Psittacidae;exact_match;
Forpus spengeli;Forpus spengeli;PSITTACIFORMES;Psittacidae;exact_match;
Brotogeris chrysoptera;Brotogeris chrysoptera;PSITTACIFORMES;Psittacidae;exact_match;
Brotogeris cyanoptera;Brotogeris cyanoptera;PSITTACIFORMES;Psittacidae;exact_match;
Brotogeris jugularis;Brotogeris jugularis;PSITTACIFORMES;Psittacidae;exact_match;
Brotogeris pyrrhoptera;Brotogeris pyrrhoptera;PSITTACIFORMES;Psittacidae;exact_match;
Brotogeris sanctithomae;Brotogeris sanctithomae;PSITTACIFORMES;Psittacidae;exact_match;
Brotogeris tirica;Brotogeris tirica;PSITTACIFORMES;Psittacidae;exact_match;
Brotogeris versicolurus;Brotogeris versicolurus;PSITTACIFORMES;Psittacidae;exact_match;
Nannopsittaca panychlora;Nannopsittaca panychlora;PSITTACIFORMES;Psittacidae;exact_match;
Nannopsittaca dachilleae;Nannopsittaca dachilleae;PSITTACIFORMES;Psittacidae;exact_match;
Touit batavicus;Touit batavicus;PSITTACIFORMES;Psittacidae;exact_match;
Touit dilectissimus;Touit dilectissimus;PSITTACIFORMES;Psittacidae;exact_match;
Touit huetii;Touit huetii;PSITTACIFORMES;Psittacidae;exact_match;
Touit melanonotus;Touit melanonotus;PSITTACIFORMES;Psittacidae;exact_match;
Touit purpuratus;Touit purpuratus;PSITTACIFORMES;Psittacidae;exact_match;
Touit stictopterus;Touit stictopterus;PSITTACIFORMES;Psittacidae;exact_match;
Touit surdus;Touit surdus;PSITTACIFORMES;Psittacidae;exact_match;
Pionites leucogaster;Pionites leucogaster;PSITTACIFORMES;Psittacidae;exact_match;
Pionites melanocephala;Pionites melanocephalus;PSITTACIFORMES;Psittacidae;synonym_match;
Pionites melanocephalus;Pionites melanocephalus;PSITTACIFORMES;Psittacidae;exact_match;
Pionopsitta barrabandi;Pyrilia barrabandi;PSITTACIFORMES;Psittacidae;synonym_match;
Pionopsitta caica;Pyrilia caica;PSITTACIFORMES;Psittacidae;synonym_match;
Pionopsitta haematotis;Pyrilia haematotis;PSITTACIFORMES;Psittacidae;synonym_match;
Pionopsitta pileata;Pionopsitta pileata;PSITTACIFORMES;Psittacidae;exact_match;
Pionopsitta pulchra;Pyrilia pulchra;PSITTACIFORMES;Psittacidae;synonym_match;
Pionopsitta pyrilia;Pyrilia pyrilia;PSITTACIFORMES;Psittacidae;synonym_match;
Gypopsitta vulturina;Pyrilia vulturina;PSITTACIFORMES;Psittacidae;synonym_match;
Hapalopsittaca amazonina;Hapalopsittaca amazonina;PSITTACIFORMES;Psittacidae;exact_match;
Hapalopsittaca melanotis;Hapalopsittaca melanotis;PSITTACIFORMES;Psittacidae;exact_match;
Graydidascalus brachyurus;Graydidascalus brachyurus;PSITTACIFORMES;Psittacidae;exact_match;
Pionus chalcopterus;Pionus chalcopterus;PSITTACIFORMES;Psittacidae;exact_match;
Pionus fuscus;Pionus fuscus;PSITTACIFORMES;Psittacidae;exact_match;
Pionus maximiliani;Pionus maximiliani;PSITTACIFORMES;Psittacidae;exact_match;
Pionus menstruus;Pionus menstruus;PSITTACIFORMES;Psittacidae;exact_match;
Pionus senilis;Pionus senilis;PSITTACIFORMES;Psittacidae;exact_match;
Pionus seniloides;Pionus seniloides;PSITTACIFORMES;Psittacidae;exact_match;
Pionus sordidus;Pionus sordidus;PSITTACIFORMES;Psittacidae;exact_match;
Pionus tumultuosus;Pionus tumultuosus;PSITTACIFORMES;Psittacidae;exact_match;
Amazona aestiva;Amazona aestiva;PSITTACIFORMES;Psittacidae;exact_match;
Amazona agilis;Amazona agilis;PSITTACIFORMES;Psittacidae;exact_match;
Amazona albifrons;Amazona albifrons;PSITTACIFORMES;Psittacidae;exact_match;
Amazona amazonica;Amazona amazonica;PSITTACIFORMES;Psittacidae;exact_match;
Amazona arausiaca;Amazona arausiaca;PSITTACIFORMES;Psittacidae;exact_match;
Amazona auropalliata;Amazona auropalliata;PSITTACIFORMES;Psittacidae;exact_match;
Amazona autumnalis;Amazona autumnalis;PSITTACIFORMES;Psittacidae;exact_match;
Amazona barbadensis;Amazona barbadensis;PSITTACIFORMES;Psittacidae;exact_match;
Amazona brasiliensis;Amazona brasiliensis;PSITTACIFORMES;Psittacidae;exact_match;
Amazona collaria;Amazona collaria;PSITTACIFORMES;Psittacidae;exact_match;
Amazona dufresniana;Amazona dufresniana;PSITTACIFORMES;Psittacidae;exact_match;
Amazona farinosa;Amazona farinosa;PSITTACIFORMES;Psittacidae;exact_match;
Amazona festiva;Amazona festiva;PSITTACIFORMES;Psittacidae;exact_match;
Amazona finschi;Amazona finschi;PSITTACIFORMES;Psittacidae;exact_match;
Amazona guildingii;Amazona guildingii;PSITTACIFORMES;Psittacidae;exact_match;
Amazona imperialis;Amazona imperialis;PSITTACIFORMES;Psittacidae;exact_match;
Amazona leucocephala;Amazona leucocephala;PSITTACIFORMES;Psittacidae;exact_match;
Amazona mercenarius;Amazona mercenarius;PSITTACIFORMES;Psittacidae;exact_match;
Amazona ochrocephala;Amazona ochrocephala;PSITTACIFORMES;Psittacidae;exact_match;
Amazona oratrix;Amazona oratrix;PSITTACIFORMES;Psittacidae;exact_match;
Amazona pretrei;Amazona pretrei;PSITTACIFORMES;Psittacidae;exact_match;
Amazona rhodocorytha;Amazona rhodocorytha;PSITTACIFORMES;Psittacidae;exact_match;
Amazona tucumana;Amazona tucumana;PSITTACIFORMES;Psittacidae;exact_match;
Amazona ventralis;Amazona ventralis;PSITTACIFORMES;Psittacidae;exact_match;
Amazona versicolor;Amazona versicolor;PSITTACIFORMES;Psittacidae;exact_match;
Amazona vinacea;Amazona vinacea;PSITTACIFORMES;Psittacidae;exact_match;
Amazona viridigenalis;Amazona viridigenalis;PSITTACIFORMES;Psittacidae;exact_match;
Amazona vittata;Amazona vittata;PSITTACIFORMES;Psittacidae;exact_match;
Amazona xantholora;Amazona xantholora;PSITTACIFORMES;Psittacidae;exact_match;
Amazona lilacina;Amazona lilacina;PSITTACIFORMES;Psittacidae;exact_match;
Deroptyus accipitrinus;Deroptyus accipitrinus;PSITTACIFORMES;Psittacidae;exact_match;
Triclaria malachitacea;Triclaria malachitacea;PSITTACIFORMES;Psittacidae;exact_match;
Lophopsittacus mauritianus;Lophopsittacus mauritianus;PSITTACIFORMES;Psittacidae;exact_match;
Mascarinus mascarinus;Mascarinus mascarin;PSITTACIFORMES;Psittacidae;synonym_match;
Necropsittacus rodericanus;Necropsittacus rodricanus;PSITTACIFORMES;Psittacidae;synonym_match;
Alipiopsitta xanthops;Alipiopsitta xanthops;PSITTACIFORMES;Psittacidae;exact_match;
Psittacara acuticaudatus;Psittacara acuticaudatus;PSITTACIFORMES;Psittacidae;exact_match;
Psittacara chloropterus;Psittacara chloropterus;PSITTACIFORMES;Psittacidae;exact_match;
Psittacara erythrogenys;Psittacara erythrogenys;PSITTACIFORMES;Psittacidae;exact_match;
Psittacara euops;Psittacara euops;PSITTACIFORMES;Psittacidae;exact_match;
Psittacara finschi;Psittacara finschi;PSITTACIFORMES;Psittacidae;exact_match;
Psittacara leucophthalmus;Psittacara leucophthalmus;PSITTACIFORMES;Psittacidae;exact_match;
Psittacara mitratus;Psittacara mitratus;PSITTACIFORMES;Psittacidae;exact_match;
Psittacara wagleri;Psittacara wagleri;PSITTACIFORMES;Psittacidae;exact_match;
Psittacara holochlorus;Psittacara holochlorus;PSITTACIFORMES;Psittacidae;exact_match;
Psittacara rubritorquis;Psittacara rubritorquis;PSITTACIFORMES;Psittacidae;exact_match;
Psittacara frontatus;Psittacara frontatus;PSITTACIFORMES;Psittacidae;exact_match;
Psittacara labati;Psittacara labati;PSITTACIFORMES;Psittacidae;exact_match;
Eupsittula aurea;Eupsittula aurea;PSITTACIFORMES;Psittacidae;exact_match;
Eupsittula cactorum;Eupsittula cactorum;PSITTACIFORMES;Psittacidae;exact_match;
Eupsittula canicularis;Eupsittula canicularis;PSITTACIFORMES;Psittacidae;exact_match;
Eupsittula pertinax;Eupsittula pertinax;PSITTACIFORMES;Psittacidae;exact_match;
Guaruba guarouba;Guaruba guarouba;PSITTACIFORMES;Psittacidae;exact_match;
Primolius couloni;Primolius couloni;PSITTACIFORMES;Psittacidae;exact_match;
Primolius auricollis;Primolius auricollis;PSITTACIFORMES;Psittacidae;exact_match;
Primolius maracana;Primolius maracana;PSITTACIFORMES;Psittacidae;exact_match;
Orthopsittaca manilatus;Orthopsittaca manilatus;PSITTACIFORMES;Psittacidae;exact_match;
Diopsittaca nobilis;Diopsittaca nobilis;PSITTACIFORMES;Psittacidae;exact_match;
Diopsittaca cumanensis;Diopsittaca cumanensis;PSITTACIFORMES;Psittacidae;exact_match;
Psephotellus dissimilis;Psephotellus dissimilis;PSITTACIFORMES;Psittacidae;exact_match;
Psephotellus varius;Psephotellus varius;PSITTACIFORMES;Psittacidae;exact_match;
Psilopsiagon aurifrons;Psilopsiagon aurifrons;PSITTACIFORMES;Psittacidae;exact_match;
Psilopsiagon aymara;Psilopsiagon aymara;PSITTACIFORMES;Psittacidae;exact_match;
Probosciger aterrimus;Probosciger aterrimus;PSITTACIFORMES;Cacatuidae;exact_match;
Calyptorhynchus funereus;Zanda funerea;PSITTACIFORMES;Cacatuidae;synonym_match;
Calyptorhynchus lathami;Calyptorhynchus lathami;PSITTACIFORMES;Cacatuidae;exact_match;
Calyptorhynchus banksii;Calyptorhynchus banksii;PSITTACIFORMES;Cacatuidae;exact_match;
Callocephalon fimbriatum;Callocephalon fimbriatum;PSITTACIFORMES;Cacatuidae;exact_match;
Eolophus roseicapilla;Eolophus roseicapilla;PSITTACIFORMES;Cacatuidae;exact_match;
Cacatua alba;Cacatua alba;PSITTACIFORMES;Cacatuidae;exact_match;
Cacatua ducorpsii;Cacatua ducorpsii;PSITTACIFORMES;Cacatuidae;exact_match;
Cacatua galerita;Cacatua galerita;PSITTACIFORMES;Cacatuidae;exact_match;
Cacatua goffiniana;Cacatua goffiniana;PSITTACIFORMES;Cacatuidae;exact_match;
Cacatua haematuropygia;Cacatua haematuropygia;PSITTACIFORMES;Cacatuidae;exact_match;
Cacatua leadbeateri;Cacatua leadbeateri;PSITTACIFORMES;Cacatuidae;exact_match;
Cacatua moluccensis;Cacatua moluccensis;PSITTACIFORMES;Cacatuidae;exact_match;
Cacatua ophthalmica;Cacatua ophthalmica;PSITTACIFORMES;Cacatuidae;exact_match;
Cacatua sanguinea;Cacatua sanguinea;PSITTACIFORMES;Cacatuidae;exact_match;
Cacatua sulphurea;Cacatua sulphurea;PSITTACIFORMES;Cacatuidae;exact_match;
Cacatua tenuirostris;Cacatua tenuirostris;PSITTACIFORMES;Cacatuidae;exact_match;
Nymphicus hollandicus;Nymphicus hollandicus;PSITTACIFORMES;Cacatuidae;exact_match;
Ara manilata;Orthopsittaca manilatus;PSITTACIFORMES;Psittacidae;synonym_match;
Bolborhynchus aymara;Psilopsiagon aymara;PSITTACIFORMES;Psittacidae;synonym_match;
Platycercus flaveolus;Platycercus elegans;NA;NA;manual_avibase;
Psephotellus chrysopterygius;Psephotellus chrysopterygius;PSITTACIFORMES;Psittacidae;exact_match;
Aratinga leucophthalma;Psittacara leucophthalmus;PSITTACIFORMES;Psittacidae;synonym_match;
Aratinga cactorum;Eupsittula cactorum;PSITTACIFORMES;Psittacidae;synonym_match;
Aratinga finschi;Psittacara finschi;PSITTACIFORMES;Psittacidae;synonym_match;
Aratinga chloroptera;Psittacara chloropterus;PSITTACIFORMES;Psittacidae;synonym_match;
Aratinga euops;Psittacara euops;PSITTACIFORMES;Psittacidae;synonym_match;
Amazona xanthops;Alipiopsitta xanthops;PSITTACIFORMES;Psittacidae;synonym_match;
Agapornis canus;Agapornis canus;PSITTACIFORMES;Psittacidae;exact_match;
Agapornis personatus;Agapornis personatus;PSITTACIFORMES;Psittacidae;exact_match;
Agapornis pullarius;Agapornis pullarius;PSITTACIFORMES;Psittacidae;exact_match;
Agapornis swindernianus;Agapornis swindernianus;PSITTACIFORMES;Psittacidae;exact_match;
Cacatua pastinator;Cacatua pastinator;PSITTACIFORMES;Cacatuidae;exact_match;
Cacatua roseicapilla;Eolophus roseicapilla;PSITTACIFORMES;Cacatuidae;synonym_match;
Calyptorhynchus baudinii;Zanda baudinii;PSITTACIFORMES;Cacatuidae;synonym_match;
Calyptorhynchus latirostris;Zanda latirostris;PSITTACIFORMES;Cacatuidae;synonym_match;
Eos bornea;Eos bornea;PSITTACIFORMES;Psittacidae;exact_match;
Neopsephotus bourkii;Neopsephotus bourkii;PSITTACIFORMES;Psittacidae;exact_match;
Orthopsittaca manilata;Orthopsittaca manilatus;PSITTACIFORMES;Psittacidae;fuzzy_match;
Prosopeia splendens;Prosopeia splendens;PSITTACIFORMES;Psittacidae;exact_match;
Psephotus dissimilis;Psephotellus dissimilis;PSITTACIFORMES;Psittacidae;synonym_match;
Pyrilia barrabandi;Pyrilia barrabandi;PSITTACIFORMES;Psittacidae;exact_match;
Pyrilia caica;Pyrilia caica;PSITTACIFORMES;Psittacidae;exact_match;
Pyrilia haematotis;Pyrilia haematotis;PSITTACIFORMES;Psittacidae;exact_match;
Strigops habroptila;Strigops habroptila;PSITTACIFORMES;Strigopidae;exact_match;
Tanygnathus megalorynchos;Tanygnathus megalorynchos;PSITTACIFORMES;Psittacidae;exact_match;
Amazona mercenaria;Amazona mercenarius;PSITTACIFORMES;Psittacidae;fuzzy_match;
Aratinga auricapilla;Aratinga auricapillus;PSITTACIFORMES;Psittacidae;synonym_match;
Aratinga chloropterus;Psittacara chloropterus;NA;NA;manual_iucn;
Brotogeris chiriri;Brotogeris chiriri;PSITTACIFORMES;Psittacidae;exact_match;
Guarouba guarouba;Guaruba guarouba;PSITTACIFORMES;Psittacidae;synonym_match;
Gypopsitta barrabandi;Pyrilia barrabandi;PSITTACIFORMES;Psittacidae;synonym_match;
Gypopsitta caica;Pyrilia caica;PSITTACIFORMES;Psittacidae;synonym_match;
Gypopsitta haematotis;Pyrilia haematotis;NA;NA;manual_avibase;
Pyrrhura pfrimeri;Pyrrhura pfrimeri;PSITTACIFORMES;Psittacidae;exact_match;
Agapornis swinderiana;Agapornis swindernianus;PSITTACIFORMES;Psittacidae;fuzzy_match;
Amazona panamensis;Amazona ochrocephala;NA;NA;manual_avibase;
Ara ambigua;Ara ambiguus;PSITTACIFORMES;Psittacidae;synonym_match;
Ara chloroptera;Ara chloropterus;PSITTACIFORMES;Psittacidae;synonym_match;
Aratinga aeruginosa;Eupsittula pertinax;NA;NA;manual_avibase;
Aratinga finschii;Psittacara finschi;NA;NA;manual_iucn;
Aratinga leucopthalmus;Psittacara leucophthalmus;NA;NA;manual_iucn;
Aratinga ocularis;Eupsittula pertinax;NA;NA;manual_avibase;
Barnardius barnardius;Barnardius zonarius;NA;NA;manual_avibase;
Brotogeris chrysopterus;Brotogeris chrysoptera;PSITTACIFORMES;Psittacidae;synonym_match;
Brotogeris virescens;Brotogeris versicolurus;NA;NA;manual_botw;
Cacatua ducorps;Cacatua ducorpsii;PSITTACIFORMES;Cacatuidae;fuzzy_match;
Cacatua roseicapillus;Eolophus roseicapilla;NA;NA;manual_avibase;
Calyptorhynchus banskii;Calyptorhynchus banksii;PSITTACIFORMES;Cacatuidae;fuzzy_match;
Cyclopsitta diopthalmica;Cyclopsitta diophthalma;PSITTACIFORMES;Psittacidae;fuzzy_match;
Graydidasculus brachyurus;Graydidascalus brachyurus;PSITTACIFORMES;Psittacidae;fuzzy_match;
Leptopsittaca branickii;Leptosittaca branickii;PSITTACIFORMES;Psittacidae;fuzzy_match;
Loriculus phillipensis;Loriculus philippensis;PSITTACIFORMES;Psittacidae;fuzzy_match;
Neopsittacus muschenbrookii;Neopsittacus musschenbroekii;PSITTACIFORMES;Psittacidae;fuzzy_match;
Ogonorhynchus icterotis;Ognorhynchus icterotis;PSITTACIFORMES;Psittacidae;fuzzy_match;
Pionus maximilliani;Pionus maximiliani;PSITTACIFORMES;Psittacidae;fuzzy_match;
Psittacella madaranszi;Psittacella madaraszi;PSITTACIFORMES;Psittacidae;fuzzy_match;
Purpuriecephalus varius;Purpureicephalus spurius;NA;NA;best_guess;
Trichoglossus rubritorquatus;Trichoglossus rubritorquis;PSITTACIFORMES;Psittacidae;fuzzy_match;
Cycloderes auricollis;NA;NA;NA;NA;
Forpus modestus;Forpus modestus;;;exact_match;
Pezoporus occidentalis;Pezoporus occidentalis;;;exact_match;
Pyrilia pulchra;Pyrilia pulchra;;;exact_match;
Pyrilia pyrilia;Pyrilia pyrilia;;;exact_match;
Pyrilia vulturina;Pyrilia vulturina;;;exact_match;
Chalcopsitta scintillata;Chalcopsitta scintillata;;;exact_match;
Charmosyna amabilis;Charmosyna amabilis;;;exact_match;
Psephotellus pulcherrimus;Psephotellus pulcherrimus;;;exact_match;
Psittacula calthrapae;Psittacula calthrapae;;;exact_match;
Mascarinus mascarin;Mascarinus mascarin;;;exact_match;
Necropsittacus rodricanus;Necropsittacus rodricanus;;;exact_match;
Zanda funerea;Zanda funerea;;;exact_match;
Zanda baudinii;Zanda baudinii;;;exact_match;
Zanda latirostris;Zanda latirostris;;;exact_match;
Aratinga labati;Psittacara labati;;;manual_iucn;
Pionopsitta vulturina;Pyrilia vulturina;;;manual_avibase;
Psittacula calthropae;Psittacula calthrapae;;;exact_match;
Brotogeris chrysopteris;Brotogeris chrysoptera;;;manual_iucn;
Amazona bodini;Amazona bodini;;;manual_iucn;
Amazona diadema;Amazona diadema;;;manual_iucn;
Amazona guatemalae;Amazona guatemalae;;;manual_iucn;
Amazona kawalli;Amazona kawalli;;;manual_iucn;
Aratinga maculata;Aratinga maculata;;;manual_iucn;
Coracopsis barklyi;Coracopsis barklyi;;;manual_iucn;
Coracopsis sibilans;Coracopsis sibilans;;;manual_iucn;
Cyanoramphus forbesi;Cyanoramphus forbesi;;;manual_iucn;
Cyclopsitta amabilis;Cyclopsitta amabilis;;;manual_iucn;
Cyclopsitta coxeni;Cyclopsitta coxeni;;;manual_iucn;
Cyclopsitta melanogenia;Cyclopsitta melanogenia;;;manual_iucn;
Cyclopsitta nigrifrons;Cyclopsitta nigrifrons;;;manual_iucn;
Eupsittula astec;Eupsittula astec;;;manual_iucn;
Eupsittula nana;Eupsittula nana;;;manual_iucn;
Geoffroyus hyacinthinus;Geoffroyus hyacinthinus;;;manual_iucn;
Hapalopsittaca fuertesi;Hapalopsittaca fuertesi;;;manual_iucn;
Hapalopsittaca pyrrhops;Hapalopsittaca pyrrhops;;;manual_iucn;
Loriculus catamene;Loriculus catamene;;;manual_iucn;
Loriculus sclateri;Loriculus sclateri;;;manual_iucn;
Loriculus tener;Loriculus tener;;;manual_iucn;
Myiopsitta luchsi;Myiopsitta luchsi;;;manual_iucn;
Pionites xanthomerius;Pionites xanthomerius;;;manual_iucn;
Pionites xanthurus;Pionites xanthurus;;;manual_iucn;
Pionus reichenowi;Pionus reichenowi;;;manual_iucn;
Prioniturus mindorensis;Prioniturus mindorensis;;;manual_iucn;
Prioniturus platenae;Prioniturus platenae;;;manual_iucn;
Prioniturus verticalis;Prioniturus verticalis;;;manual_iucn;
Prioniturus waterstradti;Prioniturus waterstradti;;;manual_iucn;
Psittacella lorentzi;Psittacella lorentzi;;;manual_iucn;
Psittaculirostris cervicalis;Psittaculirostris cervicalis;;;manual_iucn;
Psittaculirostris godmani;Psittaculirostris godmani;;;manual_iucn;
Psittinus abbotti;Psittinus abbotti;;;manual_iucn;
Pyrilia aurantiocephala;Pyrilia aurantiocephala;;;manual_iucn;
Pyrrhura caeruleiceps;Pyrrhura caeruleiceps;;;manual_iucn;
Pyrrhura eisenmanni;Pyrrhura eisenmanni;;;manual_iucn;
Pyrrhura lucianii;Pyrrhura lucianii;;;manual_iucn;
Pyrrhura parvifrons;Pyrrhura parvifrons;;;manual_iucn;
Pyrrhura peruviana;Pyrrhura peruviana;;;manual_iucn;
Pyrrhura roseifrons;Pyrrhura roseifrons;;;manual_iucn;
Pyrrhura snethlageae;Pyrrhura snethlageae;;;manual_iucn;
Pyrrhura subandina;Pyrrhura subandina;;;manual_iucn;
Touit costaricensis;Touit costaricensis;;;manual_iucn;
Trichoglossus meyeri;Trichoglossus meyeri;;;manual_iucn;